bitscore,class,db,eval,family,geneId,genus,gtdbId,keggId,order,percentIdentity,phylum,sequence,species,subjectPercentAlignment
91.7,Acidimicrobiia,Bacteria,1.4e-16,UBA2766,DEIU01000080.1_24,UBA2766,GB_GCA_002352645.1,K01672,UBA2766,31.6,Actinobacteriota,EAHGAEEAIWKGHCQTGESQSPVNLVSNTVLDVPDPLMKLVTTSWQIENTGRGARLLGGGDSVLSVDGSMYRLIQIDFRAPSEHLVGGDSYDMEIQLVHESVRQADHSHAVVSVLVVPGAAHPFLDKILGEIPGIGEKTVFSERLDPAVFLPARGSSWRYSGSLTFPPCAEFVKWIVLARPVEADSAQISAYKELLPDRRNNRPIQSLLSRLIVRDAS,UBA2766 sp002352645,73.1861198738
80.9,Bacteroidia,Bacteria,3.3e-13,Weeksellaceae,DKLU01000306.1_3,Chryseobacterium,GB_GCA_002455915.1,K01672,Flavobacteriales,30.2,Bacteroidota,MITEKKFFLVLKNSAARVGKVGIVLISAQLFLMACSKEDDENHILASYPSDLISTPIVTSDFSSAVAESQTPIDIITSNLIPFKSNDPNIHYGAVTLNSVANNEGENLRVNVAGADSFNNYISVGGKQYNLVNFHFHYSSEHTINGAYSKMEIHFVNRSLDNSYAVLGVLVDSGNGNPGLQDLFNQSPTTPNAINSPNTTLNLSTLFPSNIKEYYTYSGSLTTPNFGANSSATDGGPVTWFVFKDKQQVSDAEFSTYKSVYTEPNFRTTRPLNGRKVYVKVND,Chryseobacterium sp002455915,73.3333333333
82.8,Bacteroidia,Bacteria,8.8e-14,Chitinophagaceae,DLKC01000027.1_62,UBA7600,GB_GCA_002478885.1,K01672,Chitinophagales,30,Bacteroidota,MYKKIASLVAISSLFFACQKSAQETPVTSTESSQSQIGYLYPRNPATDSFYESVQGQTPIDIRFGKVVPYRGSDPVFHYVSFNGNVTYNQTHYVADPLNESDPEAHDEYNLKVSVPAGNKDNYITINNTNYYLSQFHFHWRSEHKINGQDGAMEVHLVHASDSGKMAVIGVLIQLGKANEVLQQVFDACPPTTGITNVLNNVNPALLLPTDTYHYFTYSGSLTTPGGGLLVLPYLQGLKWFVYADPIKLSNKQYTEYEDMFPEPNARPVQPLGDRIIYGHLKTNH,UBA7600 sp002478885,91.4634146341
87.8,Planctomycetes,Bacteria,2e-15,Pirellulaceae,NC_005027.1_1669,Rhodopirellula,RS_GCF_000196115.1,K01672,Pirellulales,31.5,Planctomycetota,MNNQQQSPIHIKSPVVTKYARPLKIRWSKHLDGTLKPHHGKVQVVFSGDKKERISFDGRDFHIVQFHFHHKSEHWIEDKQFQMELHIVHQNCDPDDGKLAVLGIMIEADNSAKTVPGLIELMETMAKDDARKFMDFKTNPHEWLPPNTQHFYRYEGSLTTPEYDEIVSWIVLREPLKLPSKEINKLIRFAAEPARLPQPLNRRFVLSNFS,Rhodopirellula baltica,88.6363636364
94.4,Bacilli,Bacteria,2.4e-17,Lactobacillaceae,NC_008531.1_1986,Leuconostoc,RS_GCF_000014445.1,K01672,Lactobacillales,30,Firmicutes,MVHCEHIVGTFFVVALLYINTIVRNLRGTRMKHLDYREQEDWRKADDTIYQSPIDIPLTSIQQQENSQLIIHFEDRVQSDDRIIGEQFLVQGNLRVDGTVWALERFHFHDGAEHLVDGKRYDAEIHFVFQRDNQTLVLAVFGETADTDNGIEVRNIYDEHVNADGLMKLIPDNRSYYRYTGSLTTPPLGQNINWLILTSAIQISKQDKAFLHADYPNNYREVQDLNGREIDFFPEKK,Leuconostoc mesenteroides,84.229390681
102.1,Bacteroidia,Bacteria,1.2e-19,Spirosomaceae,NC_020054.1_2123,Fibrella,RS_GCF_000331105.1,K01672,Cytophagales,31,Bacteroidota,MNRIFPATVGLLLLAAMGCSKTAPDDATPAPTDWNYEQTNWRSEGAPACAGQAMSPIDIDTTETRKGSLPALTFSYQSMPLQVLDDGHTIEVLGDGKNAISYNGVTYLLKQFHVHRGSEHTLNGKAAPMELHLVNQDERTGAIIVLGVFLTNGPQNAVLQQVLANLPTTQDQPNVVAGVSINPADLLPQNKAYYTYADSPMSASCTQQQDWFIFKNPVAISAGQEGAFAQKYPKNNRPIQALGNREVREN,Fibrella aestuarina,97.8260869565
92.8,Bacteroidia,Bacteria,7.7e-17,Flavobacteriaceae,NZ_AKJZ01000016.1_19,Flavobacterium,RS_GCF_000282055.1,K01672,Flavobacteriales,31.6,Bacteroidota,MKTYIKQISIALIVTVMFVSCNKDESNETNTEFPEGIVSYNYPLGTTNIQGQSPISINTSATEKMNTTDPVIHYNAITLSSVENTNENLKVSLSTTDKANNYIMIKGMKYELQQFHFHRHSEHNINGEYGTMELHFVNKSETGAYAVLGVVIKTGSVNSALQTLIDASPTDKGINAMTDTFYLSSIMPSDTGKYYSYSGSLTTPNLDSTPNQGPVTWIVFKNNIQMTGDQLEDYANIYEEENFRAIQPLNSRTVYENIR,Flavobacterium sp000282055,90.8045977011
88.2,Bacteroidia,Bacteria,2e-15,Weeksellaceae,NZ_AUMT01000022.1_2,Chryseobacterium,RS_GCF_000430825.1,K01672,Flavobacteriales,32.5,Bacteroidota,MKTKANFLLIGIMYLSILCSCEADAGSFELNSYPKDLISTPIYISNIPASIADSQTPINIETAKAVVFHSNDPMIHYGAITLNSVMNNAGENLKININNADYFNNYISVGGKKYNLSNFHFHYHSEHAIDGNYSTMEIHFVNIASDNSYAVLGVLVNLGDANSGLEELIAQSPTVNNAINSPNTVFDLSKLLPSTSGYYTYSGSLTTPNFGANSSLVNGGPVTWFVFKDVQHLSLNEFDSYKSIYSEPNFRSLQPLNNRKVYVNRPG,Chryseobacterium daeguense,91.7562724014
90.9,Bacilli,Bacteria,2.6e-16,Enterococcaceae,NZ_BCQE01000012.1_22,Enterococcus_D,RS_GCF_001544275.1,K01672,Lactobacillales,32.3,Firmicutes,MKRNMDVPWSYSGENGPEYWHTLCDWYAEGAEFPLQSPIALYHDDTEEPVDEDLSFHYHRERFTEKEFKNTIHFVPYNKESYVTFQGINYYLTDIHFHMPSEHIIDDEQQELEFHLVHMNEQGENLVVGILFRLTDKLNWICNQQDDSIWDFKNHTQWFDPSMFLPEMTHHFHYVGSLTTPPTKGPINWFVFDWVGEMSRRFILEFREEVLENNNRPLQDRKDRPIYFY,Enterococcus_D gallinarum,82.7118644068
120.6,Gammaproteobacteria,Bacteria,3.4e-25,Burkholderiaceae,NZ_BHVX01000012.1_72,Ralstonia,RS_GCF_003851545.1,K01672,Burkholderiales,38.6,Proteobacteria,MIVVFSPLLRVNLMYRLLPLLLAVSAFNAHAASPADHFDYQHQSEWHAVHDAFQSPVDIRTADTVAPDGDEPDVIRSQYGEVKATAVDTGHALQVNVPGGDVKIRGRHFTLRQFHFHAHSEHTIDGRWYPAEVHLVHIAKDGRMAVIGVMLVPGDANPVLDSVLKAARKGEAHEVPGVIIPGKLLPRSDVYYHYLGSLTTPPLTENVEWYVLKQPITASPEQLDALRGFYADNFRQPQPLEGRVVTQFDPALLKK,Ralstonia sp003851545,92.0454545455
89,Gammaproteobacteria,Bacteria,1.2e-15,Burkholderiaceae,NZ_CP011514.1_1764,Mitsuaria,RS_GCF_001653795.1,K01672,Burkholderiales,30.3,Proteobacteria,MESPLSHFRPSLFVATSLVLALSTALPLAHAEGRQSPIDIHTSATVGAPLPKITRAYQTAEVSVVNTFNPGANPFVPEEFATLRVNVPAGSSISVNGVTYDLAQFHFHTPSEHKVNGKAAPMEIHFVHVKRGACLGDNDALLVIGALVKAGGEHHELQKIFKHALPEDSNAAPLTIPAFHLDRVLPHGTHSWRYDGSLTAPSAVGCNNPAGSVADQLNTDVFPENVSWVLLEEPVIMSTSQIRHFRALYEAAGNSRAVQPLNGRTVYRDQATHH,Mitsuaria sp001653795,88.7218045113
120.6,Gammaproteobacteria,Bacteria,3.2e-25,Burkholderiaceae,NZ_CP012605.1_3198,Ralstonia,RS_GCF_001653935.1,K01672,Burkholderiales,39.2,Proteobacteria,MRRLLLPLLIASAFNAHAASPADHFDYQHQAEWHAVHDAFQSPIDIHTADAVTVDEDEPDAVQPHYGTLAGMVVDTGHALQVNVPGGDAKIRGRRFMLRQFHFHAHSEHTIDGKSFPAEVHLVHVAKDGRMAVIGVMLEEGAANPALGAVLKAARKGEAHEVPAVAPADLLPKSDAYYHYLGSLTTPPLTENVEWYVLKQPITASRAQLDALRGFYADNFRTPQPLDGRFVTQFDPAPLKK,Ralstonia insidiosa,92.0454545455
83.2,Bacteroidia,Bacteria,6.6e-14,Weeksellaceae,NZ_CP013293.1_3009,Chryseobacterium,RS_GCF_001456155.1,K01672,Flavobacteriales,31.1,Bacteroidota,MRKKVNLSLGLKPNVRKIVFILGLIPTMLLTSCQSDNETLHELNSYPSDIISTPIFTSNIPAAVAEAQTPINIEPSKAVVFHSSDPTIHYGAVTLSSVQNNAGENLRVNVNGTDNFNNYITVNGKKYNLVNFHFHYSSEHTIDGKYSTMEIHFVNVAADNSYVVLGVLVDLGSGNTLLQNLFAQSPANNNAINSPNTTFDIAGLLPANSREYFTYNGSLTTPNFGANSSITNGGPVTWFVFKNKQQLSADQFNSYKSIYTEPNFRAIQPLNGRKVYMNMGY,Chryseobacterium sp001456155,80.0653594771
67.8,Bacteroidia,Bacteria,2.9e-9,Weeksellaceae,NZ_CP015199.1_1343,Chryseobacterium,RS_GCF_001648155.1,K01672,Flavobacteriales,32.1,Bacteroidota,MKRKKLNTLVPAGVKRAIVLLSFAPIVLLTSCNSDNNSEDMHELNSYPSDLISTPISTSNFPVAVAESQTPINIVPSSAIAFHSTDPTIHYGSVNLNSVVNNAGENLKVNVTGADNANNYITVGGKKFNLINFHFHYSSEHTVDGKYSKMEIHFVNVSADNSYAVLSVLVDIGAGNSSLQNLFAQSPTTSNATNSPNITFNLLDLFPSNKREYYTYSGSLTTPNFGASSNITNGGPVDWFVFKNKQQLSDVQFNSYTSIYTDPNFRAIQPLNGRKVYVNSGN,Chryseobacterium glaciei,78.125
95.1,Bacilli,Bacteria,1.2e-17,Lactobacillaceae,NZ_CP015247.1_1976,Leuconostoc,RS_GCF_001891125.1,K01672,Lactobacillales,30.8,Firmicutes,MKHLDYREQENWREADDTIYQSPIDIPLTSIQRQENSRLIIHFEDRVQSDDRIIGEQFLVQGNLRVDGTVWELERFHFHDGAEHLIDGKRYDAEIHFVFQRDDQTLVLAVFGETANTANGIEVQNIYDEHVNAEGLMKLIPDNRSYYRYTGSLTTPPLGQNINWLVLTSAIQISKQDKAFLHADYPNNYREVQDLNGREIDFFPEKK,Leuconostoc suionicum,84.229390681
99.8,Bacilli,Bacteria,5.3e-19,Enterococcaceae,NZ_CP027783.1_1851,Tetragenococcus,RS_GCF_003795125.1,K01672,Lactobacillales,32.4,Firmicutes,MTRIWSYTGENGPEFWPELSQEFYEAAQFPLQSPISLSYEETQPLYKNLTFHYEKQTFSIKNVNDTIHFEPVNTISFVDFLHDRYYLTDIHFHMPSEHIIANEQTSLEFHLVHKNNYGDPLVCAVLFYLTKEPAPSWAEDNNELLFDPSLFLPMNASYFHYEGSLTTPPTDGPVKWFVFDQKNPMSSSLMERFKTDLLPNNRPLQDKKQRLIYYKK,Tetragenococcus osmophilus,83.3898305085
68.2,Bacteroidia,Bacteria,2.2e-9,Weeksellaceae,NZ_CP033917.1_1751,Chryseobacterium,RS_GCF_003815655.1,K01672,Flavobacteriales,30.8,Bacteroidota,MKRKKMNTLVPAGVKKAIVFLSFAPVALLMSCNNDHNDDMHELNSYPSELISTPISTSNFPAAVAESQTPIDIIPANAIRIHSNEPVMHYGAINLSSVANNAGENLRVNVSGADNANNYITVAGKKYNLVNFHFHYSSEHTVDGKYSKMEIHFVNVAADNSYAVLSVLVDIGTGNSSIQNLFAQSPTINNAINSPNTTFNLLDLFPSNTREYYTYSGSLTTPNFGANSALTNGGPVDWFVFKNKQQLSDAQFNSYTSIYTDPNFRSIQPLNGRKVYVNPGY,Chryseobacterium sp003815655,78.125
71.2,Bacilli,Bacteria,2e-10,Lactobacillaceae,NZ_DF967980.1_1,Fructobacillus,RS_GCF_001047075.2,K01672,Lactobacillales,30.2,Firmicutes,MEKLDYRFQSAWTYTTPSSWESPIAIESGSVTTKEPWQIDWTGLKTSPIRKNTELNGDQFYSQGTLVLNGQSWTLIRFHFHDGAEHLVDGSRQDGEVHLVFQNGAGQTMVVGAFLTQSDQVPVQFQPLFTLAKKDLDIQHLLPADRSSAYTYLGTLTTPPLQKDIQWLILQEPLAVHSQDLAQLKQAYPHNYRDCQPLNKRVVEEHQLVTDSVVQSS,Fructobacillus ficulneus,85.3046594982
81.3,Bacteroidia,Bacteria,2.5e-13,Weeksellaceae,NZ_FNKL01000002.1_218,Chryseobacterium,RS_GCF_900100115.1,K01672,Flavobacteriales,30.1,Bacteroidota,MKKEKKIVPVSKSGIKKFGILLCLCQLLFLASCQSDYSEPHELSSYPSDIISTPIVTSNFPASVAESQTPINIEPSKTIGFHSADPAIHYGTVTLSSVANNAGENLRVNVSGTDNVNNYITVGGKKYNLVNFHFHYSSEHTMDGKYSTMEIHFVNVAADNSYAVLGVLVDLGNGNSSLQNLFSQSPTTSNTINSPNTTFDLSSLLPGNTREYFTYNGSLTTPNFGASSSITNGGPVTWFVFKNKQQLSTSQFDSYKAIYSAPNFRAIQPLNGRKVYMNVGY,Chryseobacterium soldanellicola,89.7727272727
78.2,Bacteroidia,Bacteria,2.1e-12,Weeksellaceae,NZ_FOIU01000002.1_237,Chryseobacterium,RS_GCF_900111495.1,K01672,Flavobacteriales,31.1,Bacteroidota,MQMRKKENNALGFRSSVRKAAIAFGLIPLLAISCHNDSAIMELNSYPSNIISTPIITTNIPAAVAESQTPINIEPSKAVPFRSIDPTIHYGAVTLNSVVNNAGENLKVNVSGADNFNNYITVGGKKYNLVNFHFHYSSEHTVDGKYSTMEIHFVNVASDNSYAVVSVLVDLGSGNSSLQNLFALSPTTSNGVNSPNTTYDISNLLPSNTNQYFTYSGSLTTPNFGANSSTPNGGPVTWFVFKNKQQLSTDQFNSYKSIYAEPNFRAIQPLNGRTVYVNPGF,Chryseobacterium wanjuense,71.0365853659
116.3,Gammaproteobacteria,Bacteria,6.5e-24,Xanthomonadaceae,NZ_FOSS01000002.1_817,Lysobacter,RS_GCF_900114355.1,K01672,Xanthomonadales,34.7,Proteobacteria,MTRRLSLLSIICTSLLLTSASVAAELPHWGYEHGTVDWGDLHPSYALCSSGTRQSPIDVIRANARVMSLPSLTFNYSTSANVTVVNAGHTIRTDMPAGNTLSVAGRTYKLDQFHVHTPSENYIDGEQYPLELHFVHTATDGSGAIAVVGVLFDEGARDPQLDKIIAAMPAHEGQSAPARALNLRALIPSGRSYRFSGSLTTPDCRENLAWHVMGRVRTASLSQLAAFSARFSGPEFPQGNRRPVQPLNGRPVSTEAGGD,Lysobacter sp900114355,87.1287128713
61.6,Bacteroidia,Bacteria,2.1e-7,Weeksellaceae,NZ_FPKW01000002.1_214,Chryseobacterium,RS_GCF_900114875.1,K01672,Flavobacteriales,30.2,Bacteroidota,MKTEEKTKSGSPFMVSKMSRVFVIIGLFQLFLFTSCSKDEDVNHELMEYPASLISTPIMTTAFSPAVADSQTPINIEPSKTIVFHSEDPILHYGAVSLSSVANNNGENLRVNINPTDSYNNYFIVRGKKYNLVNFHFHYSSEHTIDGSYSKMEIHFVNVAADNSYAVLSVLVDLGQGNNALQNLFAQSPTDSNGINSPNTTFNLLDLFPSNRRQYYTYSGSLTTPNFNANSALTDGGPVTWFVFKNKQQLSSNQFNSYTSIYTEPNFRTIRPLNGRKVYSHLEN,Chryseobacterium limigenitum,78.125
90.5,Bacteroidia,Bacteria,4.1e-16,Weeksellaceae,NZ_FTMM01000004.1_72,Chryseobacterium,RS_GCF_900156075.1,K01672,Flavobacteriales,32.7,Bacteroidota,MRKNENLALWVKSNVKKAVLTLGIAPILLINSCQSDNDGIHELNSYPSDIISTPIVTSNIPAAVAESQTPINIEPSKAILFRSSDPNIHYGAVTLNSVQNNAGENLRVNVSGTDKLNNYITVGGKKYNLVNFHFHYSSEHTVDGKYSTMEIHFVNVADDNSYAVLGVLVDLGSGNSSLQNLFAQSPTTSNGTNSPNTAFDLTSILPTNTREYFTYSGSLTTPNFGANSSTPNGGPVTWFVFKNKQQLSNDQLSSYKTIYTEPNFRAIQPLNGRKVYMNAGY,Chryseobacterium sp900156075,89.3939393939
157.1,Bacteroidia,Bacteria,3.5e-36,Flavobacteriaceae,NZ_FZNX01000001.1_710,Lutibacter,RS_GCF_900188355.1,K01672,Flavobacteriales,39.8,Bacteroidota,MKLKRILGLLVFALLTIACKNNKETKDTKIVDTVQHDTKHKDNDLHWSYSGETGPEHWAEFEKGSSCGGTSQSPINIIKIDATLDPNLKPLELNYTANTKIHDVTNNGHSIQFNFEEGDYLFFNTEKYVLKQFHFHEAAEHTINGVRYPIEIHLVHVNQKGEILVIGIMAEEGINSEPFTFLESYLPLIVNEKKIVDAPFNMASILPDNKAFYTYSGSLTTPPCSENVTWIVLKEPITISEVQLKELQKLMPKNNYRNEQPLNGRVVKMTN,Lutibacter flavus,95.8333333333
77,Bacilli,Bacteria,3.6e-12,Streptococcaceae,NZ_HE999957.1_26,Lactococcus,RS_GCF_000327305.1,K01672,Lactobacillales,30.6,Firmicutes,MKHLDYRHQEKWALADNTLIPQSPIDVQTDQLLAKVDTSLQINLPSDQEVIVKDTPIGIQIYADGDLQWRGHEYMLNRFHFHDGAEHLVDGKRHAAEIHFAFESVDINQLVLAVFADVDEDCTDDSILTLLDAPHKLVDFDINKLLPQNQTFWTYKGSMTTPPLNQTITWLILEEPIKISPAEKDLLQDKLRSNYRNIQETKDRDVYRIED,Lactococcus raffinolactis_A,76.3157894737
98.6,Cyanobacteriia,Bacteria,1.4e-18,Phormidesmiaceae,NZ_JH993797.1_5209,PCC-7375,RS_GCF_000316115.1,K01672,Phormidesmiales,30.5,Cyanobacteria,MSWLSAKHLLCHHWMKSFLIILGIVGTLIAGTLINQRSYYSSSKGIAIRPCPDKQRQSPIELQTTIQVDLTPLQYDYHSVPLTVVHNGNTIQVNYRSGSTLTLDEQLYTLEEVHFQAPSEHIVAGMPYAMEVQLVHRYGEHVVIVGIFVEVGEDNPVMQSIWEHMPATPGLKKTFDNVAIDAAQLLPDNLGAYYRYSGSWTEPPYSESVTWIIMRDPITLSITQLEQFITVLGETARPVQPRHNRLILEAI,PCC-7375 sp000316115,89.3939393939
57,Bacteroidia,Bacteria,0.0000051,Weeksellaceae,NZ_JQJM01000016.1_52,Chryseobacterium,RS_GCF_000745535.1,K01672,Flavobacteriales,30.1,Bacteroidota,MIEKKETWGLIPNVKKAVALLGLVPVILMTSCQSDKDESSNELTAYPSSLISTPIVTSNFSVAIAESQTPVNIQPSSAITFHSSDPAIHYGAITLNSVVNYAGEYLKINVAGADNQNNYITVGGKKYNLASFHFHHSSEHTIDGKYSTMEIHFVNVASDNSYAVLGVMVDLGNANTSLQSLFSQSPAVNNGVSSSNTVFNIASLLPDNTREYYTYSGSLTTPNFGSHSAITNGGPVTWFVFKNKQQLSTANFNNYKSIYTEPNFRAIQPLNGRKVYVNPGF,Chryseobacterium sp000745535,76.0252365931
125.2,Gammaproteobacteria,Bacteria,1.4e-26,Burkholderiaceae,NZ_JSZO01000013.1_54,Ralstonia,RS_GCF_000801955.1,K01672,Burkholderiales,39.6,Proteobacteria,MRGAYDGRVSIARSIFMSRLVFALLVASTFSAHAASPADHFDYQHQSEWHAVHDAFQSPIDIHTADAVAVDEDEPDAVQPHYGMLAGMVVDTGHALQVNVPGGDAKIRGRRFVLRQFHFHAHSEHTIDAKLFPAEVHLVHVAKDGRMAVIGVMLEEGAANPALDAVLKAARKGEAHEVPAIRPADLLPKSDAYYHYLGSLTTPPLTENVEWYVLKQPITASPAQLDALRSFYADNFRQPQPLEGRVVTQFDPAAPKK,Ralstonia sp000801955,92.0454545455
79,Bacilli,Bacteria,9.4e-13,Streptococcaceae,NZ_JXJT01000002.1_82,Lactococcus,RS_GCF_002441885.1,K01672,Lactobacillales,30.6,Firmicutes,MKHLDYRHQEKWALADNTLIPQSPIDVQTDQLLAKVDTSLQINLPSDQEVIVKDTPIGIQIYADGDLQWRGHEYMLNRFHFHDGAEHLVDGKRHAAEIHFAFESVDINQLVLAVFADVDEDCTDDSILTLLNSSHKLVDFDINKLLPQNHTFWTYKGSMTTPPLNQTITWLILEEPIKISPAEKDLLQDKLRSNYRNIQETKDRDVYRIED,Lactococcus chungangensis,76.3157894737
83.2,Bacilli,Bacteria,5e-14,Streptococcaceae,NZ_JXJW01000003.1_105,Lactococcus,RS_GCF_002441695.1,K01672,Lactobacillales,30.5,Firmicutes,MKHLDYRHQDKWALANNTLIPQSPIDIQREQLVPEVDTSLMISLPQDQEVIVKDAPFGIQIYAEGDLQWRGHEYMLNRFHFHDGAEHLINGERHAAEIHFAFESVDINQLVLAVFVDVDEACTDNSVETLLNNPSKLVAFDINKLLPKNHTFWTYKGSMTTPPLNQTVTWVILEEPIKISPAEKELLQDKLRSNYRNIQELNDRDVYRIED,Lactococcus piscium,77.4086378738
93.6,Bacteroidia,Bacteria,4e-17,Flavobacteriaceae,NZ_LDJX01000003.1_177,Croceitalea,RS_GCF_001306415.1,K01672,Flavobacteriales,33.5,Bacteroidota,MKIYKAILISAFLIICSCQEKQKKPNTKTQVLEDNKVQENKDDKHWSYMGETGPEHRAELEKQSDCNGDQQSPIDIIDFDVTKDPSLSPMSFHYSSNVKLHQITNNGHSIQYNFEAGDYIRVNNQKYELAQFHFHEASEHTINGVRYPLEMPLVHIGDEKKIAVLAIMAPEGANSEPFDFLEKYLPIKMGQTKQINTGFNLSMNLPEDKTYYMHKGSLTNTTLNPKCKLVYI,Croceitalea dokdonensis,76.6283524904
80.5,Bacteroidia,Bacteria,3.9e-13,Flavobacteriaceae,NZ_LEKS01000025.1_27,Flavobacterium,RS_GCF_001027725.1,K01672,Flavobacteriales,32.1,Bacteroidota,MKKIALLLLVTITFVSCSKSDDHSENSVKEFPESLVNQDKPLGTANIDGQTPININASFTEKISTLDPIIHYGAITLSNIENTEDNLKVNLSQADKTDNFITIKGNKYELQQFHFHYHSEHSINGEYGVMEIHFVHKSSKGAYAVLGVLVKNGKANTSLQTLFDGSPKLKGTNALSNLLNLNTLLPADTNKYYAYSGSLTTPHLDFTLNEGPLTWFVFKNQIEMTNDQFKNYQGNYSKENFRVIQPLNNRKIFENIR,Flavobacterium sp001027725,89.6551724138
89.7,Bacteroidia,Bacteria,7.5e-16,Weeksellaceae,NZ_LFND01000001.1_220,Chryseobacterium,RS_GCF_001045465.1,K01672,Flavobacteriales,30.3,Bacteroidota,MILLLKSHYICFSYTQKFNTKKQMKSKSISRRSYKGGLLITSLFFLLTSCQNDEETNIELTAYPSDIISTAIFTSNFPSAVAESQSPINIEPSKAIVFHSSDPVLHYGAVTLNSVANNAGENLRVNVSNSDSFNNFITVGGKKYNLVNFHFHYSSEHTIDGKYAKMEIHFVNIAADNSYAVLSVMVDEGNANSSLQNLFNQSPTMPNAVYSPNTTFDLTALFPKNTREYFTYNGSLTTPNFGAASAVTNGGPVTWFVFKNKQQISNAEFNTYTGIYQNPNFRSIQPLNGRKVYMNLGF,Chryseobacterium angstadtii,76.9696969697
122.9,Gammaproteobacteria,Bacteria,6.5e-26,Burkholderiaceae,NZ_LFZM01000027.1_56,Ralstonia,RS_GCF_001078575.1,K01672,Burkholderiales,38.8,Proteobacteria,MRRFLLPLLIASAFNAHAASPADHFDYQHQAEWHAVHDAFQSPIDIHTADAVAVDEDEPDAVQPHYGTLAGMVVDTGHALQVNVPGGDAKIRGRRFMLRQFHFHAHSEHTIDGKAFPAEVHLVHVAKDGRMAVIGVMLEEGAANPALDAVLKAAREGAAHEVPAVAPADLLPKSDAYYHYLGSLTTPPLTENVEWYVLKQPITASRAQLDALRGFYADNFRAPQPIEGRVVTRFDPAPLKK,Ralstonia sp001078575,92.0454545455
84.3,Bacilli,Bacteria,2.2e-14,Streptococcaceae,NZ_LN774769.1_1947,Lactococcus,RS_GCF_000981525.1,K01672,Lactobacillales,30,Firmicutes,MKHLDYRHQDKWALANNTLIPQSPIDIQREQLVPEVDTSLMISLPHEQEVIVKDAPFGIQIYAEGDLQWRGHEYMLNRFHFHDGAEHLINGERHAAEIHFAFESVDINQLVLAVFVDVDETCTDNSVETLLNNSSKLVEFDINKLLPENHTFWTYKGSMTTPPLNQTVTWVILEEPIKISPAEKELLQDKLRSNYRNIQELNDRDVYRIED,Lactococcus piscium_C,77.4086378738
89.4,Actinomycetia,Bacteria,6.9e-16,Pseudonocardiaceae,NZ_LN850107.1_417,Alloactinosynnema,RS_GCF_900070365.1,K01672,Mycobacteriales,34.1,Actinobacteriota,MTGQQQSPINIRHSIPIARPGEQLAINWQPRDQRFVVKKKAYGYRFAPSQDLKDNEQHHSVWLGANEYRLTEVHFHRPSEHWVNDHKFQAELHAVHVRAEDGIRRCAIGVLLNIDDNDGYAPEEPNPPVSFDLTELLPTPDKRSFYRYEGSLTTPDYGERVSWAVMTEPVTVTNPELARFIRHGADDARDPYPLNRRFVLTDHCIPNQP,Alloactinosynnema sp900070365,85.7723577236
80.5,Bacilli,Bacteria,3.2e-13,Streptococcaceae,NZ_LT992557.1_1873,Lactococcus,RS_GCF_900258445.1,K01672,Lactobacillales,30.2,Firmicutes,MKHLDYRHQDKWALANNTLIPQSPIDIQREQLVPEVDTSLMISLPHDQEVIVKDAPFGIQIYAEGDLQWRGHEYMLNRFHFHDGAEHLINGERHAAEIHFAFESVDINQLVLAVFVDVDEACTDNSVETLLNNPSKLVAFDINKLLPENHTFWTYKGSMTTPPLNQTVTWVILEEPIKISPAEKELLQDKLRSNYRNIQELNDRDVYRVED,Lactococcus piscium_D,80.9210526316
75.5,Actinomycetia,Bacteria,1.2e-11,Pseudonocardiaceae,NZ_MKJV01000064.1_119,Pseudonocardia,RS_GCF_001942185.1,K01672,Mycobacteriales,33.8,Actinobacteriota,MDLSRRSLLLGVPALAATALITPTAAAAPPHQSPIHIRSCDAVRSPDLPALEVDYPRDVDLRVHYVRKDESDPAGCSVRGREEVVEAEVPAGSAGVRIGDTRYELAQFHFHTPAEHRLDGHRFPVEQHFVHRGPNGETLVVALFLAPGGRGGTVQDAVLGGLPEECGPERELSGNLAAALPRELSTFRYEGSLTTSPYSEPVTWLVLERRQKVATASLDGYRKLFPEGDAREPQPLNGRVVQYRPQ,Pseudonocardia sp001942185,79.2682926829
63.2,Bacteroidia,Bacteria,7.4e-8,Flavobacteriaceae,NZ_OLKH01000055.1_64,Flavobacterium,RS_GCF_900290975.1,K01672,Flavobacteriales,30.1,Bacteroidota,MKTKKFYLSHFEKSVRKLSMSSIMAISLSALFISCSVDKDDHIIDSGKEGGTSTSLTRFPSDLISTPIFTSNFPPFVIAAQTPIDIPTSNLTSVNKNDLEIHYGKMLLSNVTNNGNEELKINLNNTDTDNNYITISKKKYNLVNIHFHYNSEHKIDGVYSKMEIHLVNKSVDNSYAVLGVLVELGSANSTIQKLFENSPKEAGQVNMPNITLSIAEILPEDMSKIYSYTGSLTTPNFGTNSNMTNGGPVTWFVFKSKQEISSTQFNFYKSIYKHPNFRNIQPLNNRRVYIVK,Flavobacterium columnare_D,70.9039548023
78.2,Bacilli,Bacteria,1.6e-12,Lactobacillaceae,NZ_QEKT01000010.1_19,Convivina,RS_GCF_003096575.1,K01672,Lactobacillales,31,Firmicutes,MARIDYRDQDQWSQTTRSTNQSPINIQTNQVQVRPLSQIQIILNNLRGITAKEIPSGQQFFCEGQVNINGQSWQMERFHFHDGAEHLLDGQRYDGELHLVLKNDQQTAVLGAWLVADENKTSLALKQLFHANQLAFSLRSLLPQAQGYYHYQGTLTTPPLLENIEWFILDQPLALNPNDLAAIRANFPDNHRQIQADNGRLVEYFPVQFHIGNQFSD,Convivina intestini,93.1034482759
87,Bacteroidia,Bacteria,4.3e-15,Flavobacteriaceae,NZ_QWDM01000001.1_462,Flavobacterium,RS_GCF_003996965.1,K01672,Flavobacteriales,31,Bacteroidota,MKTPFKKISLILLISSLLISCTTTESHNDTNAATEFPENIISYEFPLGTTNLLGQTPIDVNTFTTTKINTTDPVIHYGSILLSSVENTSENLKINLSAAESTENYITIKGHKYELQQFHFHRHSEHKINGEYSTMEIHFVHKSSTGAYAVLGILVKNGEVSPSLQVLFNASPSHEGINSVPNHLNINTLLPQDISSYYTYSGSLTTPNVDLTPNQGPLTWVLFKNTISLSPGQLEDYSLKYEEENFRVIQPLNNRTVYENKKNNY,Flavobacterium cupreum,90.8045977011
72.4,Bacteroidia,Bacteria,1.2e-10,Weeksellaceae,NZ_QWIU01000002.1_177,Chryseobacterium,RS_GCF_003710065.1,K01672,Flavobacteriales,30.6,Bacteroidota,MNRKKSNILELKSDIKKIVAFLGVVPVFLMTSCHNDRDINRIEFTSYPKNIISTPIIMSNFPKAVAESQTPINIIPSKAVIFHSNEPIIHYGVVTLDSIVNVAGEELKININNTDNLNNYITVEGKKYNLVSLHFHYSSEHTIDGMYSTMEIHFVNIAVDNSYLVLSVMVDLGNGNSSLGSLFAQSPTMSDGVNSPNIPFNISNLLPDNTREYYTYSGSLTTPNFGINSSITNGGPVTWFVLKNKQQLSTAQFNSYKAIYPAPNFRHIQPMNGRVVYFNPGF,Chryseobacterium nematophagum_B,75.3943217666
86.3,Bacteroidia,Bacteria,7.8e-15,Weeksellaceae,NZ_QWIV01000005.1_663,Chryseobacterium,RS_GCF_003709475.1,K01672,Flavobacteriales,31.3,Bacteroidota,MNMKKSNILELKSDIKKIVAFLGFVPVLLMTSCHNDRDINSIEFTSYPKNIISTPIIMSNFPKAVAESQTPINIIPSKAVTFHSNEPIIHYGVVTLDSIVNAAGEELKININNTDNLNNYITVEGKRYNLVSLHFHYNSEHTIDGMHSTMEIHFVNIAVDNSYLVLSVMVDLGNGNPSLENLFAQSPTMSDGVNSPNIPFNISNLLPDNTREYYTYSGSLTTPNFGINSSSPNGGPVTWFVLKNKQQLSTAQFNSYKAIYPAPNFRHIQPMNGRVVYFNPGF,Chryseobacterium nematophagum_A,89.7727272727
63.5,Bacteroidia,Bacteria,5.4e-8,Weeksellaceae,NZ_RCCA01000001.1_199,Chryseobacterium,RS_GCF_003663845.1,K01672,Flavobacteriales,31.1,Bacteroidota,MIKKKNFVLKKMFNAKQAVAFLGIVPMFLLVSCHSDKDEYNNELTAFPSNVISTPILTSSFTDVVAESQSPINIETSKAIAFHSTDPIIHYGAVTLDSVVNNEGENLKVNVNNTDNANNYVTVNGKRYNLVNFHFHYNSEHTIDGKYSTMEIHFVNVAADNSYAVISVLVDVGNGNASLQNLFAQSPAVSNGITSSKAVFYITSLLPADQRQYYTYSGSLTTPNFGASSALTNEGPVTWFVFKNKQQISTDQFNSYKLIYTEPNFRLVQPLNGRAVYVNAGS,Chryseobacterium sp003663845,78.125
69.3,Actinomycetia,Bacteria,8.7e-10,Pseudonocardiaceae,NZ_VFPH01000001.1_179,Pseudonocardia,RS_GCF_006717045.1,K01672,Mycobacteriales,32.8,Actinobacteriota,MDLSRRTVLLGVPALAATALITPAAAAAEPHQSPIHIRSRDAVTARDLPALEVDYPRQVDLRVHYVRKDEKDPAGCSVRGHEEVVQADVPAGAAGIRLGGTRYELVQFHFHTPAEHQLDWNRFPLEQHWVHRGPNGETLVIGLFLAPGGTGGTVQDAVLGGLPEECGPDRQVTGDLVAALPRDLSTFRYEGSLTTDPYSEPVSWLVLARHGKAAATNAKAYRRLFPEGDAREPQPLNGRVVQYRPQ,Pseudonocardia cypriaca,71.9512195122
99,Gammaproteobacteria,Bacteria,1.1e-18,UBA12402,PANR01000043.1_11,GCA-2707695,GB_GCA_002707695.1,K01672,UBA12402,30.4,Proteobacteria,MKRLAKIITVSVAALLATPSIAVQQAWDYTGKNGPAHWSAIYPACSAQMQSPIDIPSGTPPNKNLPSLEFVFTPTSAKVVDDGRRLEASMLNKSNTLSIGSAAYLLTGFNIHLPSENRVAGKAYPAEIQLVYKGKQGALAVVGIFVEPGQANTTLAQFIQAARRSDGMSSYLNKIKEKISASKPLGKHQSDQSGLVINANDFLPDDSNAYYSFTGSLTAPPCTGNITWYVLAEPITASAAQLKALEAFYYNNVRPVQPIDGRNIHYKPPETAQSSS,GCA-2707695 sp002707695,96.5517241379
77.8,Acidobacteriae,Bacteria,2.8e-12,Gp1-AA117,PLJN01000155.1_74,Gp1-AA17,GB_GCA_003140235.1,K01672,Acidobacteriales,30.2,Acidobacteriota,MSCNRVTGICLLAFSVLCLFTFIQAAPAGACQAAQPPEKPQPHQHGHSMDMNIPSGVTDKCGPKFTYEEGPGGPSHWPSVCNTGQMQAPIDITQTEKVAFPLLPPLQFSYKPADLDIVNDCNNYELKVRFPVNQWLKVARKPYRLSEIRFKEPGETAVNGKRPPMSLQLVHLSPEANLLVVEIPVVVGKENPVIKAVWEHIPKGGKENTIAGVKINVMDLLPADHGFYRFPGSLTTPICNEVVQWYVMKNPIEMSEAQIAKYKKYYHNTARPLQPLNNRPVVESK,Gp1-AA17 sp003140235,77.6025236593
75.1,Acidimicrobiia,Bacteria,1.3e-11,UBA5794,QJWC01000074.1_2,SZUA-442,GB_GCA_003235475.1,K01672,UBA5794,30.3,Actinobacteriota,MSEAPGMQSPIELRPAVEGTVDAMDLRYDGGRFSVVSGGPAGIALQPVTSLWMAKNYRRYELNDIHFHLPAEHTVDNVENAGEVHFVHVTSAGLIAVVGVLIAEGGSSRALEEVLAAYGAGRGAQTTFDPRSLLPRSPRRFQYDGSRTTPPYDGVVAWTVFESPIEASSDQLARLRSLVGEMSRPVQARGDRRVTLGS,SZUA-442 sp003235475,73.8983050847
